{
    "name": "root",
    "gauges": {
        "Run08_Behavior.Policy.Entropy.mean": {
            "value": 4.31207275390625,
            "min": 4.31207275390625,
            "max": 4.869157791137695,
            "count": 24
        },
        "Run08_Behavior.Policy.ExtrinsicValueEstimate.mean": {
            "value": -0.38733208179473877,
            "min": -0.5433318614959717,
            "max": -0.3695283830165863,
            "count": 24
        },
        "Run08_Behavior.Environment.EpisodeLength.mean": {
            "value": 249.425,
            "min": 146.42253521126761,
            "max": 261.37142857142857,
            "count": 24
        },
        "Run08_Behavior.Environment.CumulativeReward.mean": {
            "value": -1.0,
            "min": -1.1481481481481481,
            "max": -1.0,
            "count": 24
        },
        "Run08_Behavior.Policy.ExtrinsicReward.mean": {
            "value": -1.0,
            "min": -1.1481481481481481,
            "max": -1.0,
            "count": 24
        },
        "Run08_Behavior.Losses.ValueLoss.mean": {
            "value": 0.011470234021544456,
            "min": 0.011470234021544456,
            "max": 0.028920119628310204,
            "count": 24
        },
        "Run08_Behavior.Losses.PolicyLoss.mean": {
            "value": 0.07040562480688095,
            "min": 0.06337934732437134,
            "max": 0.07542848587036133,
            "count": 24
        },
        "Run08_Behavior.Policy.LearningRate.mean": {
            "value": 0.0002982916194014251,
            "min": 0.0002982916194014251,
            "max": 0.00029965024441480637,
            "count": 24
        },
        "Run08_Behavior.IsTraining.mean": {
            "value": 1.0,
            "min": 1.0,
            "max": 1.0,
            "count": 24
        }
    },
    "metadata": {
        "timer_format_version": "0.1.0",
        "start_time_seconds": "1593376136",
        "python_version": "3.6.6 (v3.6.6:4cf1f54eb7, Jun 27 2018, 03:37:03) [MSC v.1900 64 bit (AMD64)]",
        "command_line_arguments": "C:\\Program Files (x86)\\Microsoft Visual Studio\\Shared\\Python36_64\\Scripts\\mlagents-learn trainer_config.yaml --run-id=Run08 --resume --train",
        "mlagents_version": "0.16.1",
        "mlagents_envs_version": "0.16.1",
        "communication_protocol_version": "1.0.0",
        "tensorflow_version": "2.0.0",
        "end_time_seconds": "1593378305"
    },
    "total": 2168.821268,
    "count": 1,
    "self": 0.0027009000000361993,
    "children": {
        "run_training.setup": {
            "total": 0.009400799999999999,
            "count": 1,
            "self": 0.009400799999999999
        },
        "TrainerController.start_learning": {
            "total": 2168.8091663,
            "count": 1,
            "self": 112.09693069997866,
            "children": {
                "TrainerController._reset_env": {
                    "total": 15.9305399,
                    "count": 1,
                    "self": 15.9305399
                },
                "TrainerController.advance": {
                    "total": 2038.8337270000216,
                    "count": 235534,
                    "self": 3.8731258000532307,
                    "children": {
                        "env_step": {
                            "total": 2034.9606011999683,
                            "count": 235534,
                            "self": 1704.347328700103,
                            "children": {
                                "SubprocessEnvManager._take_step": {
                                    "total": 326.2552915999129,
                                    "count": 235534,
                                    "self": 10.480896099932693,
                                    "children": {
                                        "NNPolicy.evaluate": {
                                            "total": 315.7743954999802,
                                            "count": 235534,
                                            "self": 315.7743954999802
                                        }
                                    }
                                },
                                "workers": {
                                    "total": 4.3579808999524055,
                                    "count": 235533,
                                    "self": 0.0,
                                    "children": {
                                        "worker_root": {
                                            "total": 2141.478770599997,
                                            "count": 235533,
                                            "is_parallel": true,
                                            "self": 853.3469294999966,
                                            "children": {
                                                "steps_from_proto": {
                                                    "total": 0.0010184,
                                                    "count": 1,
                                                    "is_parallel": true,
                                                    "self": 0.00022349999999999996,
                                                    "children": {
                                                        "_process_vector_observation": {
                                                            "total": 0.0007949000000000001,
                                                            "count": 2,
                                                            "is_parallel": true,
                                                            "self": 0.0007949000000000001
                                                        }
                                                    }
                                                },
                                                "UnityEnvironment.step": {
                                                    "total": 1288.1308227000004,
                                                    "count": 235533,
                                                    "is_parallel": true,
                                                    "self": 50.358275299997786,
                                                    "children": {
                                                        "UnityEnvironment._generate_step_input": {
                                                            "total": 20.896911099931835,
                                                            "count": 235533,
                                                            "is_parallel": true,
                                                            "self": 20.896911099931835
                                                        },
                                                        "communicator.exchange": {
                                                            "total": 967.0432603000288,
                                                            "count": 235533,
                                                            "is_parallel": true,
                                                            "self": 967.0432603000288
                                                        },
                                                        "steps_from_proto": {
                                                            "total": 249.8323760000419,
                                                            "count": 235533,
                                                            "is_parallel": true,
                                                            "self": 59.19231750015396,
                                                            "children": {
                                                                "_process_vector_observation": {
                                                                    "total": 190.64005849988794,