Steps,Policy/Entropy,Policy/Extrinsic Value Estimate,Environment/Episode Length,Environment/Cumulative Reward,Policy/Extrinsic Reward,Losses/Value Loss,Losses/Policy Loss,Policy/Learning Rate,Is Training
5000,4.9624543,-0.012172528,304.25,0.15624999860301614,0.15624999860301614,0.004333563,0.075821556,0.00029998118,1.0
10000,4.9557805,-0.016747622,229.3181818181818,-0.0727272741496563,-0.0727272741496563,0.0012485627,0.06561047,0.00029995642,1.0
15000,4.944757,-0.002109123,305.25,0.16250000055879354,0.16250000055879354,0.0026998585,0.06508123,0.00029992533,1.0
20000,4.9266047,-0.021188097,222.17391304347825,-0.10869565379360448,-0.10869565379360448,0.00079463515,0.073921256,0.0002998941,1.0
