{
    "name": "root",
    "gauges": {
        "Run10_Behavior.Policy.Entropy.mean": {
            "value": 4.937669277191162,
            "min": 3.5390357971191406,
            "max": 4.945754528045654,
            "count": 218
        },
        "Run10_Behavior.Policy.ExtrinsicValueEstimate.mean": {
            "value": 0.019123073667287827,
            "min": 7.510567229473963e-06,
            "max": 0.2293575406074524,
            "count": 218
        },
        "Run10_Behavior.Environment.EpisodeLength.mean": {
            "value": 594.2857142857143,
            "min": 195.0,
            "max": 808.5714285714286,
            "count": 180
        },
        "Run10_Behavior.Environment.CumulativeReward.mean": {
            "value": 1.3857143106205123,
            "min": 0.28181818940422754,
            "max": 1.7714285988892828,
            "count": 180
        },
        "Run10_Behavior.Policy.ExtrinsicReward.mean": {
            "value": 1.3857143106205123,
            "min": 0.28181818940422754,
            "max": 1.7714285988892828,
            "count": 180
        },
        "Run10_Behavior.IsTraining.mean": {
            "value": 1.0,
            "min": 1.0,
            "max": 1.0,
            "count": 218
        },
        "Run10_Behavior.Losses.ValueLoss.mean": {
            "value": 1.4803334806856583e-06,
            "min": 2.5434805628853085e-13,
            "max": 0.003383082104846835,
            "count": 217
        },
        "Run10_Behavior.Losses.PolicyLoss.mean": {
            "value": 0.06809452176094055,
            "min": 0.05597882717847824,
            "max": 0.08536311239004135,
            "count": 217
        },
        "Run10_Behavior.Policy.LearningRate.mean": {
            "value": 0.00028036575531587005,
            "min": 0.00028036575531587005,
            "max": 0.0002868478768505156,
            "count": 217
        }
    },
    "metadata": {
        "timer_format_version": "0.1.0",
        "start_time_seconds": "1593462116",
        "python_version": "3.6.6 (v3.6.6:4cf1f54eb7, Jun 27 2018, 03:37:03) [MSC v.1900 64 bit (AMD64)]",
        "command_line_arguments": "C:\\Program Files (x86)\\Microsoft Visual Studio\\Shared\\Python36_64\\Scripts\\mlagents-learn trainer_config.yaml --run-id=Run10 --resume",
        "mlagents_version": "0.16.1",
        "mlagents_envs_version": "0.16.1",
        "communication_protocol_version": "1.0.0",
        "tensorflow_version": "2.0.0",
        "end_time_seconds": "1593469924"
    },
    "total": 7807.2891584,
    "count": 1,
    "self": 0.0008474000005662674,
    "children": {
        "run_training.setup": {
            "total": 0.0071849,
            "count": 1,
            "self": 0.0071849
        },
        "TrainerController.start_learning": {
            "total": 7807.2811261,
            "count": 1,
            "self": 387.70819669999037,
            "children": {
                "TrainerController._reset_env": {
                    "total": 8.3742343,
                    "count": 1,
                    "self": 8.3742343
                },
                "TrainerController.advance": {
                    "total": 7403.926037200006,
                    "count": 1088917,
                    "self": 13.472958799691696,
                    "children": {
                        "env_step": {
                            "total": 7390.453078400315,
                            "count": 1088917,
                            "self": 6132.865984399557,
                            "children": {
                                "SubprocessEnvManager._take_step": {
                                    "total": 1242.4563091007788,
                                    "count": 1088917,
                                    "self": 31.908880100681927,
                                    "children": {
                                        "NNPolicy.evaluate": {
                                            "total": 1210.5474290000968,
                                            "count": 1088917,
                                            "self": 1210.5474290000968
                                        }
                                    }
                                },
                                "workers": {
                                    "total": 15.130784899977987,
                                    "count": 1088916,
                                    "self": 0.0,
                                    "children": {
                                        "worker_root": {
                                            "total": 7765.152407699578,
                                            "count": 1088916,
                                            "is_parallel": true,
                                            "self": 3032.010782099699,
                                            "children": {
                                                "steps_from_proto": {
                                                    "total": 0.00078,
                                                    "count": 1,
                                                    "is_parallel": true,
                                                    "self": 0.0001941,
                                                    "children": {
                                                        "_process_vector_observation": {
                                                            "total": 0.0005859,
                                                            "count": 2,
                                                            "is_parallel": true,
                                                            "self": 0.0005859
                                                        }
                                                    }
                                                },
                                                "UnityEnvironment.step": {
                                                    "total": 4733.140845599879,
                                                    "count": 1088916,
                                                    "is_parallel": true,
                                                    "self": 174.65726280112904,
                                                    "children": {
                                                        "UnityEnvironment._generate_step_input": {
                                                            "total": 65.00045869930273,
                                                            "count": 1088916,
                                                            "is_parallel": true,
                                                            "self": 65.00045869930273
                                                        },
                                                        "communicator.exchange": {
                                                            "total": 3610.2704857995327,
                                                            "count": 1088916,
                                                            "is_parallel": true,
                                                            "self": 3610.2704857995327
                                                        },
                                                        "steps_from_proto": {
                                                            "total": 883.2126382999147,
                                                            "count": 1088916,
                                                            "is_parallel": true,
                                                            "self": 211.8202577997605,
                                                            "children": {
                                                                "_process_vector_observation": {
                                                                    "total": 671.3923805001542,