{
    "name": "root",
    "gauges": {
        "Run15_Behavior.Policy.Entropy.mean": {
            "value": 3.9368104934692383,
            "min": 3.7624120712280273,
            "max": 4.11467981338501,
            "count": 39
        },
        "Run15_Behavior.Policy.ExtrinsicValueEstimate.mean": {
            "value": 0.2582944929599762,
            "min": 0.19587509334087372,
            "max": 0.3197239935398102,
            "count": 39
        },
        "Run15_Behavior.Environment.EpisodeLength.mean": {
            "value": 1059.0,
            "min": 680.25,
            "max": 1211.5,
            "count": 39
        },
        "Run15_Behavior.Environment.CumulativeReward.mean": {
            "value": 2.125,
            "min": 1.0,
            "max": 4.0,
            "count": 39
        },
        "Run15_Behavior.Policy.ExtrinsicReward.mean": {
            "value": 2.125,
            "min": 1.0,
            "max": 4.0,
            "count": 39
        },
        "Run15_Behavior.Losses.ValueLoss.mean": {
            "value": 0.0038453335873782635,
            "min": 0.0010131185408681631,
            "max": 0.008147298358380795,
            "count": 39
        },
        "Run15_Behavior.Losses.PolicyLoss.mean": {
            "value": 0.07538478076457977,
            "min": 0.05703353136777878,
            "max": 0.07815779000520706,
            "count": 39
        },
        "Run15_Behavior.Policy.LearningRate.mean": {
            "value": 0.0002708237443584949,
            "min": 0.0002708237443584949,
            "max": 0.00027196024893783033,
            "count": 39
        },
        "Run15_Behavior.IsTraining.mean": {
            "value": 1.0,
            "min": 1.0,
            "max": 1.0,
            "count": 39
        }
    },
    "metadata": {
        "timer_format_version": "0.1.0",
        "start_time_seconds": "1594374968",
        "python_version": "3.6.6 (v3.6.6:4cf1f54eb7, Jun 27 2018, 03:37:03) [MSC v.1900 64 bit (AMD64)]",
        "command_line_arguments": "C:\\Program Files (x86)\\Microsoft Visual Studio\\Shared\\Python36_64\\Scripts\\mlagents-learn trainer_config.yaml --run-id=Run15 --resume",
        "mlagents_version": "0.16.1",
        "mlagents_envs_version": "0.16.1",
        "communication_protocol_version": "1.0.0",
        "tensorflow_version": "2.0.0",
        "end_time_seconds": "1594376709"
    },
    "total": 1740.8491116,
    "count": 1,
    "self": 0.001350499999944077,
    "children": {
        "run_training.setup": {
            "total": 0.0107207,
            "count": 1,
            "self": 0.0107207
        },
        "TrainerController.start_learning": {
            "total": 1740.8370404,
            "count": 1,
            "self": 93.00988000003645,
            "children": {
                "TrainerController._reset_env": {
                    "total": 12.016707,
                    "count": 1,
                    "self": 12.016707
                },
                "TrainerController.advance": {
                    "total": 1634.1957398999637,
                    "count": 197767,
                    "self": 3.2052149999497033,
                    "children": {
                        "env_step": {
                            "total": 1630.990524900014,
                            "count": 197767,
                            "self": 1353.8567878000124,
                            "children": {
                                "SubprocessEnvManager._take_step": {
                                    "total": 273.5515353999606,
                                    "count": 197767,
                                    "self": 8.782157100025074,
                                    "children": {
                                        "NNPolicy.evaluate": {
                                            "total": 264.7693782999355,
                                            "count": 197767,
                                            "self": 264.7693782999355
                                        }
                                    }
                                },
                                "workers": {
                                    "total": 3.5822017000408906,
                                    "count": 197766,
                                    "self": 0.0,
                                    "children": {
                                        "worker_root": {
                                            "total": 1718.7286073999726,
                                            "count": 197766,
                                            "is_parallel": true,
                                            "self": 697.8069695999958,
                                            "children": {
                                                "steps_from_proto": {
                                                    "total": 0.0012236999999999999,
                                                    "count": 1,
                                                    "is_parallel": true,
                                                    "self": 0.00025929999999999985,
                                                    "children": {
                                                        "_process_vector_observation": {
                                                            "total": 0.0009644,
                                                            "count": 2,
                                                            "is_parallel": true,
                                                            "self": 0.0009644
                                                        }
                                                    }
                                                },
                                                "UnityEnvironment.step": {
                                                    "total": 1020.9204140999768,
                                                    "count": 197766,
                                                    "is_parallel": true,
                                                    "self": 42.154154500034565,
                                                    "children": {
                                                        "UnityEnvironment._generate_step_input": {
                                                            "total": 17.145314799982877,
                                                            "count": 197766,
                                                            "is_parallel": true,
                                                            "self": 17.145314799982877
                                                        },
                                                        "communicator.exchange": {
                                                            "total": 753.3552462999896,
                                                            "count": 197766,
                                                            "is_parallel": true,
                                                            "self": 753.3552462999896
                                                        },
                                                        "steps_from_proto": {
                                                            "total": 208.2656984999698,
                                                            "count": 197766,
                                                            "is_parallel": true,
                                                            "self": 49.79198459999128,
                                                            "children": {
                                                                "_process_vector_observation": {
                                                                    "total": 158.47371389997852,
                                                                    "count": 395532,
                                                                    "is_parallel": true,