{
    "name": "root",
    "gauges": {
        "Run10_Behavior.Policy.Entropy.mean": {
            "value": 4.931693077087402,
            "min": 4.918306827545166,
            "max": 4.9650373458862305,
            "count": 9
        },
        "Run10_Behavior.Policy.ExtrinsicValueEstimate.mean": {
            "value": 0.005365525837987661,
            "min": 0.003914967644959688,
            "max": 0.16381381452083588,
            "count": 9
        },
        "Run10_Behavior.Environment.EpisodeLength.mean": {
            "value": 116.43181818181819,
            "min": 108.8409090909091,
            "max": 421.25,
            "count": 9
        },
        "Run10_Behavior.Environment.CumulativeReward.mean": {
            "value": -0.011627907323282819,
            "min": -0.05333333412806193,
            "max": 0.691666675110658,
            "count": 9
        },
        "Run10_Behavior.Policy.ExtrinsicReward.mean": {
            "value": -0.011627907323282819,
            "min": -0.05333333412806193,
            "max": 0.691666675110658,
            "count": 9
        },
        "Run10_Behavior.Losses.ValueLoss.mean": {
            "value": 0.0014853323809802532,
            "min": 0.0004215991357341409,
            "max": 0.00657736137509346,
            "count": 9
        },
        "Run10_Behavior.Losses.PolicyLoss.mean": {
            "value": 0.07042790204286575,
            "min": 0.06531305611133575,
            "max": 0.08136259019374847,
            "count": 9
        },
        "Run10_Behavior.Policy.LearningRate.mean": {
            "value": 0.00029974456992931664,
            "min": 0.00029974456992931664,
            "max": 0.0002999813877977431,
            "count": 9
        },
        "Run10_Behavior.IsTraining.mean": {
            "value": 1.0,
            "min": 1.0,
            "max": 1.0,
            "count": 9
        }
    },
    "metadata": {
        "timer_format_version": "0.1.0",
        "start_time_seconds": "1593438069",
        "python_version": "3.6.6 (v3.6.6:4cf1f54eb7, Jun 27 2018, 03:37:03) [MSC v.1900 64 bit (AMD64)]",
        "command_line_arguments": "C:\\Program Files (x86)\\Microsoft Visual Studio\\Shared\\Python36_64\\Scripts\\mlagents-learn trainer_config.yaml --run-id=Run10",
        "mlagents_version": "0.16.1",
        "mlagents_envs_version": "0.16.1",
        "communication_protocol_version": "1.0.0",
        "tensorflow_version": "2.0.0",
        "end_time_seconds": "1593438471"
    },
    "total": 401.5913897,
    "count": 1,
    "self": 0.0008533000000170432,
    "children": {
        "run_training.setup": {
            "total": 0.007768700000000001,
            "count": 1,
            "self": 0.007768700000000001
        },
        "TrainerController.start_learning": {
            "total": 401.5827677,
            "count": 1,
            "self": 18.45245449999993,
            "children": {
                "TrainerController._reset_env": {
                    "total": 43.3061103,
                    "count": 1,
                    "self": 43.3061103
                },
                "TrainerController.advance": {
                    "total": 339.33005940000004,
                    "count": 48834,
                    "self": 0.6257840000092187,
                    "children": {
                        "env_step": {
                            "total": 338.7042753999908,
                            "count": 48834,
                            "self": 282.74508759999225,
                            "children": {
                                "SubprocessEnvManager._take_step": {
                                    "total": 55.264409000007014,
                                    "count": 48834,
                                    "self": 1.5185732000066565,
                                    "children": {
                                        "NNPolicy.evaluate": {
                                            "total": 53.74583580000036,
                                            "count": 48834,
                                            "self": 53.74583580000036
                                        }
                                    }
                                },
                                "workers": {
                                    "total": 0.6947787999915676,
                                    "count": 48833,
                                    "self": 0.0,
                                    "children": {
                                        "worker_root": {
                                            "total": 355.9185570999973,
                                            "count": 48833,
                                            "is_parallel": true,
                                            "self": 135.85541990000232,
                                            "children": {
                                                "steps_from_proto": {
                                                    "total": 0.0012929999999999999,
                                                    "count": 1,
                                                    "is_parallel": true,
                                                    "self": 0.00025580000000000004,
                                                    "children": {
                                                        "_process_vector_observation": {
                                                            "total": 0.0010371999999999998,
                                                            "count": 2,
                                                            "is_parallel": true,
                                                            "self": 0.0010371999999999998
                                                        }
                                                    }
                                                },
                                                "UnityEnvironment.step": {
                                                    "total": 220.061844199995,
                                                    "count": 48833,
                                                    "is_parallel": true,
                                                    "self": 7.913472799992178,
                                                    "children": {
                                                        "UnityEnvironment._generate_step_input": {
                                                            "total": 3.0239178999972,
                                                            "count": 48833,
                                                            "is_parallel": true,
                                                            "self": 3.0239178999972
                                                        },
                                                        "communicator.exchange": {
                                                            "total": 170.07807400000198,
                                                            "count": 48833,
                                                            "is_parallel": true,
                                                            "self": 170.07807400000198
                                                        },
                                                        "steps_from_proto": {
                                                            "total": 39.046379500003624,
                                                            "count": 48833,
                                                            "is_parallel": true,
                                                            "self": 9.184782800000537,
                                                            "children": {
                                                                "_process_vector_observation": {
                                                                    "total": 29.861596700003087,