Steps,Policy/Entropy,Policy/Extrinsic Value Estimate,Environment/Episode Length,Environment/Cumulative Reward,Policy/Extrinsic Reward,Losses/Value Loss,Losses/Policy Loss,Policy/Learning Rate,Is Training
5000,4.9653115,0.0061110035,121.17073170731707,-0.525,-0.525,0.027797738,0.06564281,0.00029998142,1.0
10000,4.9469514,-0.09412598,134.94285714285715,-0.4722222222222222,-0.4722222222222222,0.012547091,0.069945745,0.00029995642,1.0
15000,4.9286304,-0.17850234,129.35897435897436,-0.5384615384615384,-0.5384615384615384,0.009230165,0.06721463,0.00029992507,1.0
20000,4.916255,-0.25898692,115.27272727272727,-0.5568181818181818,-0.5568181818181818,0.0109171355,0.066001065,0.00029989416,1.0
