Steps,Policy/Entropy,Policy/Extrinsic Value Estimate,Environment/Episode Length,Environment/Cumulative Reward,Policy/Extrinsic Reward,Losses/Value Loss,Losses/Policy Loss,Policy/Learning Rate,Is Training
5000,4.9648986,-0.16165176,141.97142857142856,-0.47058823529411764,-0.47058823529411764,0.021077598,0.076062985,0.00029998124,1.0
10000,4.957052,-0.23322198,102.46808510638297,-0.5,-0.5,0.009520606,0.0742069,0.00029995642,1.0
15000,4.9513187,-0.26893678,113.80555555555556,-0.5113636363636364,-0.5113636363636364,0.007695767,0.07107377,0.00029992795,1.0
