{
    "name": "root",
    "metadata": {
        "timer_format_version": "0.1.0",
        "start_time_seconds": "1593372526",
        "python_version": "3.6.6 (v3.6.6:4cf1f54eb7, Jun 27 2018, 03:37:03) [MSC v.1900 64 bit (AMD64)]",
        "command_line_arguments": "C:\\Program Files (x86)\\Microsoft Visual Studio\\Shared\\Python36_64\\Scripts\\mlagents-learn trainer_config.yaml --run-id=Test04 --force",
        "mlagents_version": "0.16.1",
        "mlagents_envs_version": "0.16.1",
        "communication_protocol_version": "1.0.0",
        "tensorflow_version": "2.0.0",
        "end_time_seconds": "1593372643"
    },
    "total": 116.4748132,
    "count": 1,
    "self": 0.002069300000002272,
    "children": {
        "run_training.setup": {
            "total": 0.010812,
            "count": 1,
            "self": 0.010812
        },
        "TrainerController.start_learning": {
            "total": 116.4619319,
            "count": 1,
            "self": 6.804756800000206,
            "children": {
                "TrainerController._reset_env": {
                    "total": 29.000251799999997,
                    "count": 1,
                    "self": 29.000251799999997
                },
                "TrainerController.advance": {
                    "total": 80.1345917999998,
                    "count": 9451,
                    "self": 0.13954760000002864,
                    "children": {
                        "env_step": {
                            "total": 79.99504419999977,
                            "count": 9451,
                            "self": 67.16955029999927,
                            "children": {
                                "SubprocessEnvManager._take_step": {
                                    "total": 12.6689327000005,
                                    "count": 9451,
                                    "self": 0.37065570000161685,
                                    "children": {
                                        "NNPolicy.evaluate": {
                                            "total": 12.298276999998883,
                                            "count": 9451,
                                            "self": 12.298276999998883
                                        }
                                    }
                                },
                                "workers": {
                                    "total": 0.15656119999999518,
                                    "count": 9450,
                                    "self": 0.0,
                                    "children": {
                                        "worker_root": {
                                            "total": 86.16634709999957,
                                            "count": 9450,
                                            "is_parallel": true,
                                            "self": 33.89031239999979,
                                            "children": {
                                                "steps_from_proto": {
                                                    "total": 0.0014171,
                                                    "count": 1,
                                                    "is_parallel": true,
                                                    "self": 0.0005190999999999998,
                                                    "children": {
                                                        "_process_vector_observation": {
                                                            "total": 0.0008980000000000001,
                                                            "count": 2,
                                                            "is_parallel": true,
                                                            "self": 0.0008980000000000001
                                                        }
                                                    }
                                                },
                                                "UnityEnvironment.step": {
                                                    "total": 52.27461759999978,
                                                    "count": 9450,
                                                    "is_parallel": true,
                                                    "self": 1.8649699999998788,
                                                    "children": {
                                                        "UnityEnvironment._generate_step_input": {
                                                            "total": 0.7731331000002291,
                                                            "count": 9450,
                                                            "is_parallel": true,
                                                            "self": 0.7731331000002291
                                                        },
                                                        "communicator.exchange": {
                                                            "total": 40.505786999999344,
                                                            "count": 9450,
                                                            "is_parallel": true,
                                                            "self": 40.505786999999344
                                                        },
                                                        "steps_from_proto": {
                                                            "total": 9.13072750000033,
                                                            "count": 9450,
                                                            "is_parallel": true,
                                                            "self": 2.2270754000013087,
                                                            "children": {
                                                                "_process_vector_observation": {
                                                                    "total": 6.903652099999021,
                                                                    "count": 18900,
                                                                    "is_parallel": true,
                                                                    "self": 6.903652099999021
                                                                }
                                                            }
                                                        }
                                                    }
                                                }
                                            }
                                        }
                                    }
                                }
                            }
                        }
                    }
                },
                "trainer_threads": {
                    "total": 3.379999999708616e-05,
                    "count": 1,
                    "self": 3.379999999708616e-05,
                    "children": {
                        "thread_root": {
                            "total": 0.0,
                            "count": 0,
                            "is_parallel": true,
                            "self": 0.0,
                            "children": {
                                "trainer_advance": {
                                    "total": 82.96551449999914,
                                    "count": 38945,
                                    "is_parallel": true,
                                    "self": 2.3720930999991907,
                                    "children": {
                                        "process_trajectory": {
                                            "total": 76.81412319999998,
                                            "count": 38945,
                                            "is_parallel": true,