{
    "name": "root",
    "metadata": {
        "timer_format_version": "0.1.0",
        "start_time_seconds": "1593361351",
        "python_version": "3.6.6 (v3.6.6:4cf1f54eb7, Jun 27 2018, 03:37:03) [MSC v.1900 64 bit (AMD64)]",
        "command_line_arguments": "C:\\Program Files (x86)\\Microsoft Visual Studio\\Shared\\Python36_64\\Scripts\\mlagents-learn trainer_config.yaml --run-id=Test03 --resume",
        "mlagents_version": "0.16.1",
        "mlagents_envs_version": "0.16.1",
        "communication_protocol_version": "1.0.0",
        "tensorflow_version": "2.0.0",
        "end_time_seconds": "1593361412"
    },
    "total": 60.7544192,
    "count": 1,
    "self": 0.0008079000000051906,
    "children": {
        "run_training.setup": {
            "total": 0.010335,
            "count": 1,
            "self": 0.010335
        },
        "TrainerController.start_learning": {
            "total": 60.7432763,
            "count": 1,
            "self": 4.513058000000058,
            "children": {
                "TrainerController._reset_env": {
                    "total": 11.524483400000001,
                    "count": 1,
                    "self": 11.524483400000001
                },
                "TrainerController.advance": {
                    "total": 44.21300869999994,
                    "count": 5166,
                    "self": 0.07059559999996878,
                    "children": {
                        "env_step": {
                            "total": 44.14241309999997,
                            "count": 5166,
                            "self": 37.66213420000023,
                            "children": {
                                "SubprocessEnvManager._take_step": {
                                    "total": 6.401647599999777,
                                    "count": 5166,
                                    "self": 0.18404539999971092,
                                    "children": {
                                        "NNPolicy.evaluate": {
                                            "total": 6.217602200000066,
                                            "count": 5146,
                                            "self": 6.217602200000066
                                        }
                                    }
                                },
                                "workers": {
                                    "total": 0.07863129999996055,
                                    "count": 5165,
                                    "self": 0.0,
                                    "children": {
                                        "worker_root": {
                                            "total": 48.24771609999978,
                                            "count": 5165,
                                            "is_parallel": true,
                                            "self": 17.850901399999632,
                                            "children": {
                                                "steps_from_proto": {
                                                    "total": 0.0009638,
                                                    "count": 1,
                                                    "is_parallel": true,
                                                    "self": 0.00025089999999999997,
                                                    "children": {
                                                        "_process_vector_observation": {
                                                            "total": 0.0007129,
                                                            "count": 2,
                                                            "is_parallel": true,
                                                            "self": 0.0007129
                                                        }
                                                    }
                                                },
                                                "UnityEnvironment.step": {
                                                    "total": 30.395850900000145,
                                                    "count": 5165,
                                                    "is_parallel": true,
                                                    "self": 0.7321893000003428,
                                                    "children": {
                                                        "UnityEnvironment._generate_step_input": {
                                                            "total": 0.37856690000009596,
                                                            "count": 5165,
                                                            "is_parallel": true,
                                                            "self": 0.37856690000009596
                                                        },
                                                        "communicator.exchange": {
                                                            "total": 26.12976109999975,
                                                            "count": 5165,
                                                            "is_parallel": true,
                                                            "self": 26.12976109999975
                                                        },
                                                        "steps_from_proto": {
                                                            "total": 3.155333599999955,
                                                            "count": 5165,
                                                            "is_parallel": true,
                                                            "self": 0.9908211999997993,
                                                            "children": {
                                                                "_process_vector_observation": {
                                                                    "total": 2.164512400000156,
                                                                    "count": 10330,
                                                                    "is_parallel": true,
                                                                    "self": 2.164512400000156
                                                                }
                                                            }
                                                        }
                                                    }
                                                }
                                            }
                                        }
                                    }
                                }
                            }
                        }
                    }
                },
                "trainer_threads": {
                    "total": 3.949999999974807e-05,
                    "count": 1,
                    "self": 3.949999999974807e-05,
                    "children": {
                        "thread_root": {
                            "total": 0.0,
                            "count": 0,
                            "is_parallel": true,
                            "self": 0.0,
                            "children": {
                                "trainer_advance": {
                                    "total": 45.74755520000073,
                                    "count": 22134,
                                    "is_parallel": true,
                                    "self": 1.1189590000006575,
                                    "children": {
                                        "process_trajectory": {
                                            "total": 43.47032550000008,
                                            "count": 22134,
                                            "is_parallel": true,