{
    "name": "root",
    "gauges": {
        "Test03_Behavior.Policy.Entropy.mean": {
            "value": 2.7517402172088623,
            "min": 2.7517402172088623,
            "max": 2.7517402172088623,
            "count": 1
        },
        "Test03_Behavior.Policy.ExtrinsicValueEstimate.mean": {
            "value": -0.23063568770885468,
            "min": -0.23063568770885468,
            "max": -0.23063568770885468,
            "count": 1
        },
        "Test03_Behavior.Environment.EpisodeLength.mean": {
            "value": 199.89473684210526,
            "min": 199.89473684210526,
            "max": 199.89473684210526,
            "count": 1
        },
        "Test03_Behavior.Environment.CumulativeReward.mean": {
            "value": -0.5263157894736842,
            "min": -0.5263157894736842,
            "max": -0.5263157894736842,
            "count": 1
        },
        "Test03_Behavior.Policy.ExtrinsicReward.mean": {
            "value": -0.5263157894736842,
            "min": -0.5263157894736842,
            "max": -0.5263157894736842,
            "count": 1
        },
        "Test03_Behavior.Losses.ValueLoss.mean": {
            "value": 0.012394297868013382,
            "min": 0.012394297868013382,
            "max": 0.012394297868013382,
            "count": 1
        },
        "Test03_Behavior.Losses.PolicyLoss.mean": {
            "value": 0.06285957247018814,
            "min": 0.06285957247018814,
            "max": 0.06285957247018814,
            "count": 1
        },
        "Test03_Behavior.Policy.LearningRate.mean": {
            "value": 0.0002998316485900432,
            "min": 0.0002998316485900432,
            "max": 0.0002998316485900432,
            "count": 1
        },
        "Test03_Behavior.IsTraining.mean": {
            "value": 1.0,
            "min": 1.0,
            "max": 1.0,
            "count": 1
        }
    },
    "metadata": {
        "timer_format_version": "0.1.0",
        "start_time_seconds": "1593361617",
        "python_version": "3.6.6 (v3.6.6:4cf1f54eb7, Jun 27 2018, 03:37:03) [MSC v.1900 64 bit (AMD64)]",
        "command_line_arguments": "C:\\Program Files (x86)\\Microsoft Visual Studio\\Shared\\Python36_64\\Scripts\\mlagents-learn trainer_config.yaml --run-id=Test03 --resume",
        "mlagents_version": "0.16.1",
        "mlagents_envs_version": "0.16.1",
        "communication_protocol_version": "1.0.0",
        "tensorflow_version": "2.0.0",
        "end_time_seconds": "1593361709"
    },
    "total": 92.48680320000001,
    "count": 1,
    "self": 0.0009297000000145772,
    "children": {
        "run_training.setup": {
            "total": 0.007975300000000001,
            "count": 1,
            "self": 0.007975300000000001
        },
        "TrainerController.start_learning": {
            "total": 92.4778982,
            "count": 1,
            "self": 6.208690499999918,
            "children": {
                "TrainerController._reset_env": {
                    "total": 12.4425677,
                    "count": 1,
                    "self": 12.4425677
                },
                "TrainerController.advance": {
                    "total": 73.35883460000008,
                    "count": 8166,
                    "self": 0.12085979999989149,
                    "children": {
                        "env_step": {
                            "total": 73.23797480000019,
                            "count": 8166,
                            "self": 62.29488530000098,
                            "children": {
                                "SubprocessEnvManager._take_step": {
                                    "total": 10.809911099999793,
                                    "count": 8166,
                                    "self": 0.3290954999996796,
                                    "children": {
                                        "NNPolicy.evaluate": {
                                            "total": 10.480815600000113,
                                            "count": 8128,
                                            "self": 10.480815600000113
                                        }
                                    }
                                },
                                "workers": {
                                    "total": 0.13317839999941938,
                                    "count": 8165,
                                    "self": 0.0,
                                    "children": {
                                        "worker_root": {
                                            "total": 78.93104400000013,
                                            "count": 8165,
                                            "is_parallel": true,
                                            "self": 29.28923330000029,
                                            "children": {
                                                "steps_from_proto": {
                                                    "total": 0.000809,
                                                    "count": 1,
                                                    "is_parallel": true,
                                                    "self": 0.00028660000000000014,
                                                    "children": {
                                                        "_process_vector_observation": {
                                                            "total": 0.0005223999999999999,
                                                            "count": 2,
                                                            "is_parallel": true,
                                                            "self": 0.0005223999999999999
                                                        }
                                                    }
                                                },
                                                "UnityEnvironment.step": {
                                                    "total": 49.64100169999984,
                                                    "count": 8165,
                                                    "is_parallel": true,
                                                    "self": 1.3146813999995999,
                                                    "children": {
                                                        "UnityEnvironment._generate_step_input": {
                                                            "total": 0.6615952000000349,
                                                            "count": 8165,
                                                            "is_parallel": true,
                                                            "self": 0.6615952000000349
                                                        },
                                                        "communicator.exchange": {
                                                            "total": 42.311822700000015,
                                                            "count": 8165,
                                                            "is_parallel": true,
                                                            "self": 42.311822700000015
                                                        },
                                                        "steps_from_proto": {
                                                            "total": 5.35290240000019,
                                                            "count": 8165,
                                                            "is_parallel": true,
                                                            "self": 1.7084401000001446,
                                                            "children": {
                                                                "_process_vector_observation": {
                                                                    "total": 3.644462300000045,