{
    "name": "root",
    "metadata": {
        "timer_format_version": "0.1.0",
        "start_time_seconds": "1593356122",
        "python_version": "3.6.6 (v3.6.6:4cf1f54eb7, Jun 27 2018, 03:37:03) [MSC v.1900 64 bit (AMD64)]",
        "command_line_arguments": "C:\\Program Files (x86)\\Microsoft Visual Studio\\Shared\\Python36_64\\Scripts\\mlagents-learn trainer_config.yaml --run-id=Test03 --force",
        "mlagents_version": "0.16.1",
        "mlagents_envs_version": "0.16.1",
        "communication_protocol_version": "1.0.0",
        "tensorflow_version": "2.0.0",
        "end_time_seconds": "1593356174"
    },
    "total": 52.1811592,
    "count": 1,
    "self": 0.0008813000000031934,
    "children": {
        "run_training.setup": {
            "total": 0.0077325,
            "count": 1,
            "self": 0.0077325
        },
        "TrainerController.start_learning": {
            "total": 52.1725454,
            "count": 1,
            "self": 3.1752698000000805,
            "children": {
                "TrainerController._reset_env": {
                    "total": 17.021468,
                    "count": 1,
                    "self": 17.021468
                },
                "TrainerController.advance": {
                    "total": 31.601816099999922,
                    "count": 3434,
                    "self": 0.04288909999987922,
                    "children": {
                        "env_step": {
                            "total": 31.558927000000043,
                            "count": 3434,
                            "self": 27.631030399999656,
                            "children": {
                                "SubprocessEnvManager._take_step": {
                                    "total": 3.87845840000017,
                                    "count": 3434,
                                    "self": 0.11260010000001586,
                                    "children": {
                                        "NNPolicy.evaluate": {
                                            "total": 3.765858300000154,
                                            "count": 3434,
                                            "self": 3.765858300000154
                                        }
                                    }
                                },
                                "workers": {
                                    "total": 0.04943820000021759,
                                    "count": 3433,
                                    "self": 0.0,
                                    "children": {
                                        "worker_root": {
                                            "total": 34.40747889999985,
                                            "count": 3433,
                                            "is_parallel": true,
                                            "self": 11.152084999999747,
                                            "children": {
                                                "steps_from_proto": {
                                                    "total": 0.0005369,
                                                    "count": 1,
                                                    "is_parallel": true,
                                                    "self": 0.00016609999999999997,
                                                    "children": {
                                                        "_process_vector_observation": {
                                                            "total": 0.0003708,
                                                            "count": 2,
                                                            "is_parallel": true,
                                                            "self": 0.0003708
                                                        }
                                                    }
                                                },
                                                "UnityEnvironment.step": {
                                                    "total": 23.254857000000104,
                                                    "count": 3433,
                                                    "is_parallel": true,
                                                    "self": 0.458738599999986,
                                                    "children": {
                                                        "UnityEnvironment._generate_step_input": {
                                                            "total": 0.23522900000002056,
                                                            "count": 3433,
                                                            "is_parallel": true,
                                                            "self": 0.23522900000002056
                                                        },
                                                        "communicator.exchange": {
                                                            "total": 20.651476300000073,
                                                            "count": 3433,
                                                            "is_parallel": true,
                                                            "self": 20.651476300000073
                                                        },
                                                        "steps_from_proto": {
                                                            "total": 1.9094131000000216,
                                                            "count": 3433,
                                                            "is_parallel": true,
                                                            "self": 0.587609500000077,
                                                            "children": {
                                                                "_process_vector_observation": {
                                                                    "total": 1.3218035999999447,
                                                                    "count": 6866,
                                                                    "is_parallel": true,
                                                                    "self": 1.3218035999999447
                                                                }
                                                            }
                                                        }
                                                    }
                                                }
                                            }
                                        }
                                    }
                                }
                            }
                        }
                    }
                },
                "trainer_threads": {
                    "total": 4.529999999647316e-05,
                    "count": 1,
                    "self": 4.529999999647316e-05,
                    "children": {
                        "thread_root": {
                            "total": 0.0,
                            "count": 0,
                            "is_parallel": true,
                            "self": 0.0,
                            "children": {
                                "trainer_advance": {
                                    "total": 32.565821700000114,
                                    "count": 15966,
                                    "is_parallel": true,
                                    "self": 0.7274485000001398,
                                    "children": {
                                        "process_trajectory": {
                                            "total": 31.258774199999973,
                                            "count": 15966,
                                            "is_parallel": true,