{"count":1,"self":289.12148479999996,"total":2152.6507549,"children":{"AgentSendState":{"count":235551,"self":15.496182399999999,"total":151.1009162,"children":{"CollectObservations":{"count":235551,"self":1.4940685999999999,"total":1.4940685999999999,"children":null},"CollectDiscreteActionMasks":{"count":235551,"self":1.3152507999999998,"total":1.3152507999999998,"children":null},"AgentInfo.ToProto":{"count":235551,"self":4.7576544,"total":132.79541469999998,"children":{"GenerateSensorData":{"count":235551,"self":68.3169728,"total":128.0377602,"children":{"RayPerceptionSensor.Perceive":{"count":235551,"self":59.7207872,"total":59.7207893,"children":null}}}}}}},"DecideAction":{"count":235551,"self":1704.370176,"total":1704.3702162999998,"children":null},"AgentAct":{"count":235551,"self":7.4046503999999995,"total":7.4046506999999995,"children":null},"AgentInfo.ToProto":{"count":1257,"self":0.036865499999999995,"total":0.65149289999999993,"children":{"GenerateSensorData":{"count":1257,"self":0.35871539999999996,"total":0.61462739999999993,"children":{"RayPerceptionSensor.Perceive":{"count":1257,"self":0.255912,"total":0.255912,"children":null}}}}}},"gauges":{"Behavior.CumulativeReward":{"count":646,"max":-2,"min":-2,"runningAverage":-2,"value":-2,"weightedAverage":-2}},"metadata":{"timer_format_version":"0.1.0","start_time_seconds":"1593376151","unity_version":"2019.4.1f1","command_line_arguments":"C:\\Program Files\\Unity\\Hub\\Editor\\2019.4.1f1\\Editor\\Unity.exe -projectpath C:\/Users\/I. Han\/Documents\/Development\/AIProject\/yikes\/2DPlatformer -useHub -hubIPC -cloudEnvironment production -hubSessionId 0e7fb380-b925-11ea-bafd-63cc11b25e43","communication_protocol_version":"1.0.0","com.unity.ml-agents_version":"1.0.2","scene_name":"SampleScene","end_time_seconds":"1593378304"}}